{"cameraMode":{"drawMode":0,"name":"Shaded","section":"Shading Mode"},"sceneLighting":true,"audioPlay":false,"sceneViewState":{"m_AlwaysRefresh":false,"showFog":true,"showSkybox":true,"showFlares":true,"showImageEffects":true,"showParticleSystems":true,"showVisualEffectGraphs":true,"m_FxEnabled":true},"in2DMode":false,"pivot":{"x":1.0858967304229737,"y":-1.5037962198257447,"z":6.617284774780273},"rotation":{"x":-0.24042624235153199,"y":-0.007567146793007851,"z":0.0018474668031558395,"w":-0.9706975817680359},"size":5.355098724365234,"orthographic":false}